subject_id,trial_id,start_row,end_row,actual_hr,predicted_hr,predicted_hr_model_scale,actual_cv_load_class,predicted_cv_load_class,actual_bp_proxy,predicted_bp_proxy,predicted_bp_proxy_model_scale,predicted_cv_load_proba_0,predicted_cv_load_proba_1,predicted_cv_load_proba_2
subject_003,trial_002,192,256,83.13491821289062,85.29246520996094,0.0743982195854187,1,1,0.35749542713165283,0.37696829438209534,-0.0377761647105217,0.026149846613407135,0.9391621947288513,0.03468787297606468
subject_002,trial_001,96,160,61.01713562011719,73.86396026611328,-0.4987061619758606,0,0,0.1944626122713089,0.25882673263549805,-0.6489010453224182,0.5529197454452515,0.2859021723270416,0.1611780822277069
subject_002,trial_003,0,64,78.35432434082031,86.35485076904297,0.12767359614372253,1,1,0.36320215463638306,0.6139388680458069,1.1880298852920532,0.028523651883006096,0.8597500324249268,0.1117262989282608
subject_005,trial_001,256,320,111.30744171142578,128.0496826171875,2.2185404300689697,2,2,0.5229997634887695,0.6227328181266785,1.2335193157196045,0.003782890969887376,0.012201311066746712,0.9840158224105835
subject_001,trial_001,352,416,72.47349548339844,83.71394348144531,-0.004759754985570908,1,1,0.48810699582099915,0.46764251589775085,0.4312652349472046,0.061218518763780594,0.8499115109443665,0.08886998891830444
subject_001,trial_001,32,96,72.92766571044922,98.73988342285156,0.748744547367096,1,2,0.48810699582099915,0.42518162727355957,0.21162277460098267,0.11706069856882095,0.17400000989437103,0.7089393138885498
subject_005,trial_001,32,96,111.69515991210938,129.73623657226562,2.3031165599823,2,2,0.5229997634887695,0.6381943225860596,1.3134987354278564,0.002978490898385644,0.012414764612913132,0.9846067428588867
subject_002,trial_001,192,256,63.19411849975586,70.31968688964844,-0.676440417766571,0,1,0.1944626122713089,0.25723934173583984,-0.6571124792098999,0.45395639538764954,0.47629642486572266,0.06974714994430542
